Location Id,Address Line 1, Address Line 2,City,State,Country
1,1 Address Line 1,1 Address Line 2,Bangalore,KA,INDIA
2,2 Address Line 1,2 Address Line 2,Shimoga,KA,INDIA
3,3 Address Line 1,3 Address Line 2,Bellary,KA,INDIA
4,4 Address Line 1,4 Address Line 2,Bangalore,KA,INDIA
5,5 Address Line 1,5 Address Line 2,Bangalore,KA,INDIA
6,6 Address Line 1,6 Address Line 2,Bangalore,KA,INDIA
7,7 Address Line 1,7 Address Line 2,Bangalore,KA,INDIA
8,8 Address Line 1,8 Address Line 2,Mysore,KA,INDIA
9,9 Address Line 1,9 Address Line 2,Belgaum,KA,INDIA
10,10 Address Line 1,10 Address Line 2,Bangalore,KA,INDIA
11,11 Address Line 1,11 Address Line 2,Hubli,KA,INDIA
12,12 Address Line 1,12 Address Line 2,Bangalore,KA,INDIA
13,13 Address Line 1,13 Address Line 2,Bangalore,KA,INDIA
14,14 Address Line 1,14 Address Line 2,Bangalore,KA,INDIA
15,15 Address Line 1,15 Address Line 2,Mysore,KA,INDIA
16,16 Address Line 1,16 Address Line 2,Bangalore,KA,INDIA
17,17 Address Line 1,17 Address Line 2,Bangalore,KA,INDIA
18,18 Address Line 1,18 Address Line 2,Bangalore,KA,INDIA
19,19 Address Line 1,19 Address Line 2,Mangalore,KA,INDIA
20,20 Address Line 1,20 Address Line 2,Bangalore,KA,INDIA
21,21 Address Line 1,21 Address Line 2,Mangalore,KA,INDIA
22,22 Address Line 1,22 Address Line 2,Bangalore,KA,INDIA
23,23 Address Line 1,23 Address Line 2,Bangalore,KA,INDIA
24,24 Address Line 1,24 Address Line 2,Bangalore,KA,INDIA
25,25 Address Line 1,25 Address Line 2,Bangalore,KA,INDIA
26,26 Address Line 1,26 Address Line 2,Bangalore,KA,INDIA
27,27 Address Line 1,27 Address Line 2,Chennai,TN,INDIA
28,28 Address Line 1,28 Address Line 2,Salem,TN,INDIA
29,29 Address Line 1,29 Address Line 2,Madurai,TN,INDIA
30,30 Address Line 1,30 Address Line 2,Chennai,TN,INDIA
31,31 Address Line 1,31 Address Line 2,Salem,TN,INDIA
32,32 Address Line 1,32 Address Line 2,Madurai,TN,INDIA
33,33 Address Line 1,33 Address Line 2,Chennai,TN,INDIA
34,34 Address Line 1,34 Address Line 2,Salem,TN,INDIA
35,35 Address Line 1,35 Address Line 2,Chennai,TN,INDIA
36,36 Address Line 1,36 Address Line 2,Chennai,TN,INDIA
37,37 Address Line 1,37 Address Line 2,Chennai,TN,INDIA
38,38 Address Line 1,38 Address Line 2,Chennai,TN,INDIA
39,39 Address Line 1,39 Address Line 2,Madurai,TN,INDIA
40,40 Address Line 1,40 Address Line 2,Chennai,TN,INDIA
41,41 Address Line 1,41 Address Line 2,Madurai,TN,INDIA
42,42 Address Line 1,42 Address Line 2,Salem,TN,INDIA
43,43 Address Line 1,43 Address Line 2,Hyderabad,AP,INDIA
44,44 Address Line 1,44 Address Line 2,Vijayawad,AP,INDIA
45,45 Address Line 1,45 Address Line 2,Vijayawad,AP,INDIA
46,46 Address Line 1,46 Address Line 2,Hyderabad,AP,INDIA
47,47 Address Line 1,47 Address Line 2,Vizag,AP,INDIA
48,48 Address Line 1,48 Address Line 2,Hyderabad,AP,INDIA
49,49 Address Line 1,49 Address Line 2,Nellore,AP,INDIA
50,50 Address Line 1,50 Address Line 2,Nellore,AP,INDIA
51,51 Address Line 1,51 Address Line 2,Vijayawad,AP,INDIA
52,52 Address Line 1,52 Address Line 2,Hyderabad,AP,INDIA
53,53 Address Line 1,53 Address Line 2,Vijayawad,AP,INDIA